{"num_evaluated_list": [17, 18, 19, 20, 21, 22, 23, 24, 25, 26, 27, 28, 29, 30, 31, 32, 33, 34, 35, 36, 37, 38, 39, 40, 41, 42, 43, 44, 45, 46, 47, 48, 49, 50, 51, 52, 53, 54, 55, 56, 57, 58, 59, 60, 61, 62, 63, 64, 65, 66, 67, 68, 69, 70, 71, 72, 73, 74, 75, 76, 77, 78, 79, 80, 81, 82, 83, 84, 85, 86, 87, 88, 89, 90, 91, 92, 93, 94, 95, 96, 97, 98, 99, 100, 101, 102, 103, 104, 105, 106, 107, 108, 109, 110, 111, 112, 113, 114, 115, 116, 117, 118, 119, 120, 121, 122, 123, 124, 125, 126, 127, 128, 129, 130, 131], "max_uncertainties": [0.31858079939201045, 0.33804742608652816, 0.32315006662587115, 0.2997910251105148, 0.29113235493383793, 0.2906026330968341, 0.35268645933796605, 0.30261969927613663, 0.5296704295803017, 0.5463420038287161, 0.6011051480152948, 0.5613478320984923, 0.6045443852283954, 0.5256785036351905, 0.4805787460488578, 0.5481748628793113, 0.5212060911498502, 0.4917394020300974, 0.5253974155767198, 0.5511767221978319, 0.5475722341466198, 0.5274082802627628, 0.503178361399694, 0.5193161066016829, 0.49306711602935754, 0.49700065330156445, 0.5548289436508596, 0.5365895293192828, 0.5452229787506004, 0.5243948667061116, 0.5522287866448395, 0.5186178092516964, 0.5724169738040482, 0.5689737790869338, 0.5762225021403312, 0.5544157011403291, 0.5830138564480394, 0.5451684810615187, 0.5763034982930972, 0.530910348805054, 0.5275618405552963, 0.5348628756499225, 0.5802386631401693, 0.6667584195796538, 0.5986658599711845, 0.5989416629947665, 0.5710261898373808, 0.5669046536233839, 0.5929457039643942, 0.5780417992900787, 0.5782626205988052, 0.5537578881669297, 0.6031591024222626, 0.5977395624496445, 0.6111394677385185, 0.6209625535432949, 0.5487220817379248, 0.5264372875501643, 0.5705124764211307, 0.568546771651819, 0.5787132019373006, 0.5910404501995156, 0.5857043362257878, 0.5921956357009317, 0.6305384590803781, 0.5727908521261645, 0.5747337327267172, 0.5796345873919138, 0.5797253055199041, 0.5780618765937466, 0.572926755096494, 0.5535020140865284, 0.5523251989803173, 0.5491868643154538, 0.5309407077418629, 0.552787183161059, 0.5348257953515745, 0.5603539788800028, 0.6111292777562498, 0.5966951770567093, 0.5724071103711836, 0.5347443675896955, 0.5458032406405721, 0.5744913372639543, 0.5423709558318683, 0.5613417344600699, 0.5434222207072384, 0.5246635389804996, 0.5746110102840661, 0.555119030828493, 0.552405855369594, 0.5252583966934792, 0.5334609207875448, 0.5426777817821834, 0.5616587758135646, 0.5433929481115578, 0.5599680712769173, 0.5611155480990067, 0.5434327182700442, 0.5728938398991659, 0.5722934731210726, 0.5260627772147579, 0.5562819794601429, 0.5492299078082018, 0.5383360010319824, 0.5328441614624793, 0.5165126918652858, 0.5423012150888276, 0.5215342686072545, 0.5196325781187447, 0.5481582130107939, 0.512650598040143, 0.518642143650231, 0.5433697409042653, 0.5404896830385001], "mse_list": [[0.0016924885673370398, 0.0021964741991728647, 0.0010677856798965997], [0.0037194131724347526, 0.005014139132394969, 0.0013009477547925373], [0.005938979746670954, 0.007842594718102874, 0.0011415960468748724], [0.006952862367431622, 0.00849428399570572, 0.0011734750584356459], [0.0070441876487986835, 0.008094136893139328, 0.0009533417447190786], [0.005936415967556704, 0.006538452566374415, 0.0017069427632227696], [0.004770978172527535, 0.005026039125303115, 0.0007180466669441059], [0.0023354877409293264, 0.002186279820357589, 0.0008244557478330335], [0.00847457871424331, 0.007362097983857803, 0.0008075436378802309], [0.00507149935019963, 0.006256095957646012, 0.0006621445384722319], [0.011027661813098838, 0.013930608204097639, 0.0006760002458503978], [0.01155960525187243, 0.014575767503926718, 0.0007026844567814448], [0.014471127432359768, 0.014208726416832093, 0.0009766347694434411], [0.012711474623587345, 0.013947703178029208, 0.0006689746585863481], [0.01318775348519755, 0.014901690668405581, 0.0006428520216469836], [0.006747363631359279, 0.008075553772476542, 0.0005502775318950693], [0.013144060900649037, 0.01428800870642061, 0.00040167890124312184], [0.005742768899315966, 0.005135339332358422, 0.0005980511258972458], [0.011707231285452258, 0.008499999727904672, 0.0004329428526366233], [0.012248975795460465, 0.007797856960597151, 0.0003979259218673713], [0.014674978771064912, 0.013561234360710217, 0.0005282803843687399], [0.008491017945443675, 0.010672349176673765, 0.00022882473030339488], [0.009971686734637872, 0.011863608764929626, 0.00035168437443550886], [0.008294764142057745, 0.008908185996722707, 0.0003491317964893979], [0.007463014466386485, 0.008022562714489883, 0.00031347370755267084], [0.007741774509988586, 0.007048853592127785, 0.00031877433059482676], [0.01049340846652951, 0.011527738164598459, 0.0003629951934986461], [0.005956807172707282, 0.0053842830625584134, 0.0002912302422108506], [0.006735432683481216, 0.00669731707939195, 0.0001447396157043896], [0.006448458006260931, 0.009066711223043204, 0.0002731733601906611], [0.00873703057365081, 0.009284329517653142, 0.00035094032311421957], [0.010291065985222971, 0.010852633078171555, 0.00042370781905290075], [0.011810730141352286, 0.011289224896819359, 0.0003204204482845657], [0.010165266431751856, 0.010843233672414902, 0.00046824992136707585], [0.008309081389892427, 0.009715346526869242, 0.0005480331166263952], [0.008837931612921584, 0.009625328360975972, 0.0005534583206162244], [0.009283543226444877, 0.010594687134777727, 0.000588871836448672], [0.006138431872804098, 0.0057737209529016165, 0.0004920185954357236], [0.006407757108975084, 0.006966460382350834, 0.0004630461359165671], [0.007555453876428625, 0.007665778026931298, 0.0004797251152931058], [0.008232333510122791, 0.007542189030022339, 0.0005670820468469276], [0.010337875133415612, 0.008858045943696543, 0.0005309517229405988], [0.013057946918697319, 0.014042754906712066, 0.00046008691005077027], [0.01350374714913773, 0.014520935257193921, 0.0004755879890608509], [0.012804977655989352, 0.01422589180619183, 0.0005222370214964168], [0.008022372131262567, 0.007567313818312324, 0.0004300336258253092], [0.008116352591921571, 0.008888660273042203, 0.00037971720268235507], [0.0072451548917463315, 0.008377997622540184, 0.000307896372569672], [0.00859175991344712, 0.01063689328047741, 0.00028251294819055885], [0.00820365233337919, 0.009998281879859997, 0.00032610291830572285], [0.007234619835855922, 0.00961599107724914, 0.00035691489328475027], [0.008210152306187015, 0.010352238306546344, 0.0003559673213156463], [0.008081919866047426, 0.01035054895494562, 0.00035557754256398776], [0.013637691714931316, 0.014196733997849747, 0.00036323041300282034], [0.012983922151655381, 0.01244108563458006, 0.000410798537070762], [0.009863277016448273, 0.010101358033617652, 0.0003509511291728098], [0.011504809136356462, 0.011571325476946797, 0.00034091638442749437], [0.011064499365488475, 0.009113854638070408, 0.0002887901566958914], [0.010469320348008473, 0.00875373650036755, 0.00040831823249471295], [0.009755476300448446, 0.009196804450609351, 0.00036964763077982146], [0.009650185790408619, 0.009639375737603446, 0.0003683214540980492], [0.00919554129957698, 0.008466014781457698, 0.00038540990856076554], [0.009476979080905548, 0.0072382800140571, 0.00037235897179422695], [0.009890760602312518, 0.010646203528417966, 0.0004387296207001812], [0.009399491778506169, 0.0091892434001808, 0.0004192847004463879], [0.008926024601866731, 0.00882654287567692, 0.0004679594993033594], [0.009249294419347673, 0.008189139085372606, 0.00053496012994553], [0.008905641770443186, 0.008474584780081352, 0.0005187222714836579], [0.007877634142620972, 0.009245907005835583, 0.000580482471860447], [0.00839016322836908, 0.008581876707418147, 0.0005862768974106973], [0.007962521340888878, 0.00797421990283671, 0.0005367908295782697], [0.0051627004360753435, 0.00692967155156961, 0.0005308301155152583], [0.006095445717957875, 0.0073676197777465076, 0.0005594698094471355], [0.00606816692407272, 0.008058591554625969, 0.0006071312554388399], [0.007262225445042005, 0.007246861677846775, 