{"max_latency": 146.55781156539916, "max_energy": 180.51016485950188, "max_peak_power": 4.4312195121951214}