{"max_latency": 49.53724918365479, "max_energy": 116.68971891855611, "max_peak_power": 14.212682926829267}