{"max_latency": 1629.5013832092286, "max_energy": 3729.5575117850763, "max_peak_power": 12.870243902439023}