{"max_latency": 171.74936151504517, "max_energy": 484.67268248630154, "max_peak_power": 12.364878048780486}