{"max_latency": 0.02133593756124514, "max_energy": 1.3336448889970782, "max_peak_power": 479.6}