{"max_latency": 0.05778568199286038, "max_energy": 1.049915558990444, "max_peak_power": 54.734}