{"latency": 0.030963584408164026, "energy": 3.250841551585868, "peak_power": 131.04}