{"latency": 10.020376062393188, "energy": 897.861413034916, "peak_power": 111.84}