{"max_latency": 3.2923165261745453, "max_energy": 53.741749786976726, "max_peak_power": 50.428}