{"num_evaluated_list": [17, 18, 19, 20, 21, 22, 23, 24, 25, 26, 27, 28, 29, 30, 31, 32, 33, 34, 35, 36, 37, 38, 39, 40, 41, 42, 43, 44, 45, 46, 47, 48, 49, 50, 51, 52, 53, 54, 55, 56, 57, 58, 59, 60, 61, 62, 63, 64, 65, 67, 70, 72, 74, 76, 79, 82, 84, 86, 87, 89, 91, 93, 94, 96, 98, 100, 102, 104], "max_uncertainties": [0.23999890476207533, 0.2449340363959927, 0.23661537404789756, 0.2511918337618574, 0.21792975803872994, 0.24285838342374994, 0.22633181827814786, 0.23400547941036803, 0.20225753115431325, 0.22414300714408966, 0.2058722530133075, 0.21199216155784015, 0.23077355003431071, 0.2150136174816642, 0.2139834870724589, 0.19382043691993162, 0.2166530452555505, 0.19282233563972556, 0.18850497051510096, 0.18925014523522832, 0.21671775263492954, 0.2220113217717007, 0.20598435124749, 0.21294734615607022, 0.21557699520798726, 0.24475010086094512, 0.24201026373086015, 0.22803654590903064, 0.23499214687251957, 0.2216295588973276, 0.23749494504570118, 0.22002531114712132, 0.22355634733463522, 0.2121058540825936, 0.22109576402021208, 0.22021080142049843, 0.2382920885533291, 0.21268850129960032, 0.23335690185992425, 0.22634109633640456, 0.22466403612057553, 0.23899871543283022, 0.2190846577584755, 0.20638527629084746, 0.22797724762271954, 0.199255596981181, 0.20400146948696016, 0.1938929519198803, 0.20673291847024608, 0.20306455454355637, 0.21282002702882227, 0.22121448044964087, 0.21974395092063365, 0.24346394237277508, 0.23371968210384247, 0.2336727361331331, 0.2255034772610049, 0.22119331001224468, 0.2235345215033869, 0.214932229222087, 0.2072102507553727, 0.22485870420050547, 0.2193567248614859, 0.21810638482037042, 0.20679887850324022, 0.2147089412678584, 0.21253272450331448, 0.21830308118863828], "mse_list": [[0.00810273163061313, 0.010200958929457271, 0.00024077213874332826], [0.005844353863056164, 0.013699444517258113, 0.0004971818169915184], [0.0040962550470178515, 0.01269937956024433, 0.0005902231322029843], [0.002844639202939784, 0.01038091107762414, 0.0013072451760263023], [0.0032358658515654086, 0.008363554086080752, 0.0010570833566314309], [0.004471432337270114, 0.005889861052782251, 0.0008714513780284606], [0.004350742431472329, 0.005265487393422627, 0.0008143311418767124], [0.0078066403401416285, 0.008801143369533266, 0.0008022104954666508], [0.008875692293719923, 0.008241955833549891, 0.0007422830052029153], [0.007105428675026505, 0.006871122858877592, 0.001096723401166882], [0.0067845958729178014, 0.006756923937987267, 0.0011503215403619175], [0.005128510088273184, 0.007460324557497682, 0.0005167347710362736], [0.005916875435645649, 0.00673421530014336, 0.0005790997790569749], [0.00486479688829359, 0.011087223220967493, 0.0006859976546349035], [0.0056781944055243816, 0.010695050584327065, 0.0006855527047795073], [0.003465916972567979, 0.00869177682424356, 0.0008135104634539444], [0.004809097437993927, 0.013966971103899214, 0.0004918998316113124], [0.00545569075981346, 0.014323014176616102, 0.0005356303044837028], [0.0050551381650926625, 0.014631288268253393, 0.0006016715254175941], [0.004541798162387659, 0.012803958956351873, 0.0006133251823343556], [0.0045353586286042274, 0.017982424084042437, 0.00046937259849375284], [0.0027903309034368173, 0.007202762188124277, 0.00040905407143266377], [0.003924611487475849, 0.006618877124952237, 0.00032929676069773015], [0.004092205506792091, 0.009042423340528695, 0.0005380918397767905], [0.0059165871625105814, 0.014397761315396261, 0.0006787040117874765], [0.005291967964261535, 0.015426629411489982, 0.0005953768124572152], [0.006668907507560325, 0.01982657932114221, 0.0006454637867379448], [0.00741919761509125, 0.019504066387716942, 0.00065264170810533], [0.007066215649301837, 0.02063836507754154, 0.0005801111459055923], [0.00775620322384403, 0.019910932840400165, 0.0004979216960484626], [0.004448222876618939, 0.011890145639496358, 0.0011070045675929247], [0.0043499687328471094, 0.011946696059464192, 0.001062870811339191], [0.0038947764523568186, 0.009983347149592847, 0.0010039712869764684], [0.003604302585349355, 0.008277754612563974, 0.0006307289446865643], [0.003941609326964411, 0.008610317977797037, 0.0005691490822908034], [0.003637725719768956, 0.007142844103362284, 0.00044560731514884847], [0.004225025282458113, 0.006766472839781893, 0.00047960292836060837], [0.0026136215836834362, 0.003700591114081547, 0.0004351592426273937], [0.0038923693492978165, 0.003796436687748654, 0.0004333372236437377], [0.003211056231039355, 0.004059442440661533, 0.00041728713478848904], [0.002681445568215333, 0.0033560247809711345, 0.00041561894968472667], [0.001628909314947018, 0.002914513345456436, 0.0005003587943505657], [0.0018138283817411293, 0.002962488909131539, 0.0004387416284752489], [0.0018126787177562512, 0.003420379317443205, 0.0004618415977172536], [0.0018869012182900846, 0.0037904907740065005, 0.00042314521016752215], [0.001701712657697274, 0.0030828584392049623, 0.0004873112777199494], [0.0018356237368457333, 0.0030637254916428035, 0.0003104060575712344], [0.0016437318949140951, 0.003031829137606252, 0.00047265178394570825], [0.0016713345616763695, 0.0025345501800259694, 0.0002639949094467215], [0.0015293170644766726, 0.002216890161255087, 0.00033767264468975667], [0.0017724020886544806, 0.0028668313740860887, 0.000894852190036572], [0.0025453447647347783, 0.0029592788983610827, 0.0021263943730952064], [0.0022049674445168764, 0.0021392959052382535, 0.002372240513145812], [0.002176499109714613, 0.0021374580409296387, 0.002183629534964317], [0.002279786590802595, 0.001574197448780731, 0.002402549484377557], [0.0025318083548377087, 0.0011768817583738362, 0.004123247223541678], [0.0011067737247053163, 0.0016021197103475717, 0.00579545688878008], [0.0018168271324314439, 0.0019351511673771464, 0.006484097143758382], [0.0013235383238847848, 0.001293686257420636, 0.0028416291809117283], [0.0015601994616156664, 0.0011051596228208798, 0.0039046152811681345], [0.001032800180857469, 0.0008186645067332714, 0.0023073301985062763], [0.0007476909860350322, 0.00029440356498703957, 0.001817324495362824], [0.0008016157438687817, 0.000493303658352573, 0.001759277957992936], [0.0009611397374982659, 0.0004291838782741346, 0.0017609863203877172], [0.0007958643718996985, 0.0004879431786585337, 0.0012219565467641723], [0.0010724810424760953, 0.0004680909237631392, 0.00171548855590073], [0.0009888710564301118, 0.0003864128644103449, 0.0020863825398720038], [0.0009811597883113115, 0.000250826176643022, 0.0016941636850024736]]}